annotation_id,pair_id,turn_a,turn_b,resonance_present,binary_label,label_reproduction,label_parallelism,label_selective_reuse,label_repair,label_contrast,label_analogy_candidate,evidence_span_a,evidence_span_b,source,dataset_name,sample_stratum,conversation_group_key,normalized_pair_hash
F300V1-0053,2735845,刘东曹何以不下意？,会不能用。,yes,1,0,0,1,0,0,0,何以不下意,会不能用,文本对话,世说新语,rule_positive,世说新语::entry:147216,90838bc065671b98a73ae9a1585315b38572b57c476b8e640c14ac2b456d68ce
F300V1-0273,2903239,客人也会教真是有耐心的客人啊调酒有配方或者比例吧怎么掌握量,当然有方子和比例了量是用量酒器控制的不难掌握,yes,1,1,0,1,0,0,0,配方或者比例 ||| 掌握量,方子和比例 ||| 量酒器,日常对话,douban-multiturn-100w,analogy_or_parallel_candidate,douban-multiturn-100w::entry:58166,b24382c2511c869d21b12af57ba56b13f443fa41a9d5f88b31c9cd01e703c8f2
F300V1-0284,2683146,真好!但是没人理,没人理就自己玩嘛,yes,1,1,0,1,0,0,0,没人理,没人理就自己玩嘛,日常对话,qingyun-11w,analogy_or_parallel_candidate,qingyun-11w::entry:10904,414cf8afbc799a50f668caba5e83aa159e4d560e15cb15694ebc85e8d40960ca
F300V1-0230,2722009,三千。,还得另转借一千块……,yes,1,0,0,1,0,0,0,三千,一千块,文本对话,平凡的世界,potential_false_negative,平凡的世界::entry:136089,a12a8c4a5053ab836d764447ab7e490f3e08f4eddd2ab0c81b8c55760d793d72
F300V1-0109,2724626,【劭】：巨卿信土也，必然今日至矣。安肯误鸡黍之约！入门便见所许之物，足见我之持久。如候巨卿来而后宰之，不见我惓惓之意。,【母】：吾儿之友，必是端士。,yes,1,0,0,1,0,0,0,巨卿,吾儿之友,文本对话,清平山堂话本,rule_negative_random,清平山堂话本::entry:137833,a299d54775f992ec5821449cd75526f6887b35a83e300c828e2516984c959da3
F300V1-0118,2748488,你长的喔是大饼脸,菲菲是长在虚拟世界里的，你不可能知道我长啥样,yes,1,0,0,1,1,1,0,大饼脸,你不可能知道我长啥样,日常对话,青云语料,rule_negative_random,青云语料::entry:176,082f893da73351ae23fa9428e3d8f298b0dfb399472e28315714ab83f2ab8339
F300V1-0226,2703501,这个乞丐道人却鸟躲在那里！我若见时，脑揪将去见哥哥！,你又来了！若不听我的言语，我又教你吃苦！,yes,1,0,0,1,1,1,0,脑揪将去见哥哥,你又来了 ||| 若不听我的言语,文本对话,水浒传,potential_false_negative,水浒传::entry:124025,7b45be7bdb22cbbfe2d03b403776008027dd234726d0d26a495242ee967a5966
F300V1-0286,2731631,中正即礼智，何以不直言『礼智』，而曰『中正』？,『礼智』字不似『中正』字，却实。且中者，礼之极；正者，智之体，正是智亲切处。伊川解『贞』字，谓『正而固』也。一『正』字未尽，必兼『固』字。所谓『智之实，知斯二者弗去是也』。智是端的真知，恁地便是正。弗去，便是固。所以『正』字较亲切,yes,1,1,0,1,1,1,0,礼智 ||| 中正,礼智 ||| 中正,文本对话,朱子语类,analogy_or_parallel_candidate,朱子语类::entry:144339,26f553a0d559c42093c7b1ce73f2e9e5428566639cafeb9794afce2725bcf82d
F300V1-0291,2699988,你们却如何在这日头里做工？,我们拨在这里做生活时，便是人间天上了，如何敢指望嫌热坐地！还别有那没人情的，将去锁在大牢里，求生不得生，求死不得死，大铁链锁着，也要过哩！,yes,1,1,0,1,0,0,0,做工,做生活 ||| 嫌热,文本对话,水浒传,analogy_or_parallel_candidate,水浒传::entry:121758,9bfbcb5b49a2bd0eb692e3e7419bb46c9943bbdd4e2fdbb61112b6a47c4819c9
F300V1-0228,2723437,是西汉鄱县王吴芮。今刺史宅，是芮昔时所居。至今犹恃雄豪，侵占土地，往往肆其暴虐，人无奈何。,即追来！,yes,1,0,0,1,0,0,0,吴芮 ||| 肆其暴虐,即追来,文本对话,唐传奇,potential_false_negative,唐传奇::entry:137028,f9b719b747006a3040fbfbee0a2a7a5156f6f1b1be7e406e153d96eec9a9587b
F300V1-0293,2679316,你真没有点男子气，我要是你，我就打了她，烧了她，杀了她。你真是糊涂虫，没有一点生气的。你还是父亲养的，你父亲的小绵羊。我看错你了，你不是我的，你不是我的儿子。,你是冲弟弟的母亲么？你这样说话。,yes,1,0,0,1,0,1,0,你真没有点男子气,你这样说话,文本对话,雷雨,analogy_or_parallel_candidate,雷雨::entry:106164,c2210536016d60119cf99281e3291b86a9662e40ab887164597aba5e3db681f3
F300V1-0144,2734246,夫执舆者为谁？,为孔丘,yes,1,0,1,1,0,0,0,为谁,为孔丘,文本对话,论语,rule_negative_random,论语::entry:146786,bbb0be73c2b45ed93b215c834beb7f9217c23813c709137fb5991a774085f4bf
F300V1-0198,2710134,原来是你不知！他还有一个大徒弟，是五百年前大闹天宫上方太乙金仙齐天大圣，如今保护唐僧往西天拜佛求经，是普陀岩大慈大悲观音菩萨劝善，与他改名，唤做孙悟空行者。你怎么没得做，撞出这件祸来？他又在我海内遇着你的差人，夺了请帖，径入水晶宫，拿捏我父子们，有结连妖邪，抢夺人口之罪。你快把唐僧、八戒送上河边，交还了孙大圣，凭着我与他陪礼，你还好得性命，若有半个不字，休想得全生居于此也！,我与你嫡亲的姑表，你倒反护他人？听你所言，就教把唐僧送出，天地间那里有这等容易事也！你便怕他，莫成我也怕他？他若有手段，敢来我水府门前，与我交战三合，我才与他师父，若敌不过我，就连他也拿来，一齐蒸熟，也没甚么亲人，也不去请客，自家关了门，教小的们唱唱舞舞，我坐在上面，自自在在，吃他娘不是！,yes,1,1,0,1,0,1,0,唐僧 ||| 孙大圣,唐僧 ||| 他 ||| 莫成我也怕他,文本对话,西游记,hard_negative_or_boundary,西游记::entry:128353,a18fdf0042cd4a875dd929a27524d6b372ab7e388c7382c313d8884650e2c5c7
F300V1-0150,2735985,井丹高洁,未若长卿慢世。,yes,1,0,1,1,0,1,1,井丹高洁,未若长卿慢世,文本对话,世说新语,rule_negative_random,世说新语::entry:147318,5aa64df53bd08dd9905e9231df3ab0a7835f4d02f7f240d611cf3f4fbad150ef
F300V1-0056,2679929,好妹妹，媳妇听你的话，你去开导开导他，我也放心。你就快些过园子里来。,你看看就过去罢，那是侄儿媳妇。,yes,1,1,0,1,0,0,0,过园子里来,过去罢,文本对话,红楼梦,rule_positive,红楼梦::entry:106581,ea120b8aa38999b5a57545d71d05fd70225acc4a85791c0d89896e1d39c191c7
F300V1-0202,2735884,故当共推安石。,若安石东山志立，当与天下共推之。,yes,1,1,1,1,0,0,0,共推安石,安石 ||| 共推之,文本对话,世说新语,hard_negative_or_boundary,世说新语::entry:147247,7f72054d21665ffbec01e096fac1b94b3d627cbfbc3f05326aea70a2108f482c
F300V1-0220,2733787,此非距心之所得为也,今有受人之牛羊而为之牧之者，则必为之求牧与刍矣。求牧与刍而不得，则反诸其人乎？抑亦立而视其死与？,yes,1,0,0,1,0,0,1,此非距心之所得为也,今有受人之牛羊而为之牧之者,文本对话,孟子,potential_false_negative,孟子::entry:146328,2794df6c510b24542abac34211b698d482cb16cff29cbdf54742e727ea3e607f
F300V1-0028,2734095,管仲俭乎？,管氏有三归，官事不摄。焉得俭？,yes,1,1,0,1,1,1,0,管仲俭乎,焉得俭,文本对话,论语,rule_positive,论语::entry:146631,c93b10cb2dbd8f633109b3847e5a1fa880738afd7f557c4c592061b3673e534b
F300V1-0067,2697201,美国财政部上周五对一家总部位于北京的网络安全公司实施制裁。他们指责该公司帮助中国黑客渗透美国通信系统并进行监视。请问中方有何回应？,关于所谓网络攻击问题，中方已多次阐明立场。中方一贯坚决反对并依法打击黑客攻击行为，敦促美方停止利用网络安全问题污蔑抹黑中国。一段时间以来，美方大肆炒作所谓“中国黑客攻击”，甚至发起对华非法单边制裁。中方对此坚决反对，将采取必要措施维护中方的合法权益。,yes,1,1,0,1,1,1,0,网络安全公司 ||| 中国黑客,网络攻击问题 ||| 中国黑客攻击,访谈语料,mfa_press,rule_positive,mfa_press::entry:119913,caf7cf178dc37801070350f0a4ba5d8a1852e2ae6b9899f349abb53f3443b59a
F300V1-0210,2702503,我昨夜梦见神人叫我，说有旧愿不曾还得。向日许下东门外岳庙里那炷香愿，未曾还得。今日我闲些，要去还了。须和你同去。,你便自去还了罢，要我去何用？,yes,1,1,0,1,0,1,0,去还了 ||| 同去,自去还了罢 ||| 要我去何用,文本对话,水浒传,hard_negative_or_boundary,水浒传::entry:123387,44242055ddd0c4b1be9b2dd295bc2899d33f6b8fb1a6c3d8dc38931b7ad7195b
F300V1-0260,2725898,貌似喜欢男人,嘿嘿，还好菲菲是个女生，不然菲菲这么可爱，肯定会被你缠上的,yes,1,1,0,1,0,1,0,喜欢男人,女生 ||| 不然,日常对话,青云语料,potential_false_negative,青云语料::entry:139,462b5a9c9184ac53ccb3d188ad76b9a71d5b2e30eac2b828ad5605e6fab7bf33
F300V1-0007,2724086,不害狼乎？,禽兽负恩如是，而犹不忍杀。子固仁者，然愚亦甚矣。从井以救人，解衣以活友，于彼计则得，其如就死地何！先生其此类乎？仁陷于愚，固君子之所不与也。,yes,1,0,0,1,0,1,0,不害狼乎,不忍杀,文本对话,唐传奇,rule_positive,唐传奇::entry:137471,3fef640cbd59f6c11a3ac386bf1558186f43f8d6e8aef19d40328593f69565b1
F300V1-0040,2775250,被娜娜 3比0 横扫,0娜娜，何等威风,yes,1,1,0,1,0,1,0,娜娜 ||| 3比0,0娜娜,网络回帖,贴吧回帖,rule_positive,贴吧回帖::entry:277,61d2807616fca85c8131ddc7f7fe47eea557c579c7edec4ec0d3e94471d6ffdb
F300V1-0051,2733784,前日于齐，王馈兼金一百而不受；于宋，馈七十镒而受；于薛，馈五十镒而受。前日之不受是，则今日之受非也；今日之受是，则前日之不受非也。夫子必居一于此矣,皆是也。当在宋也，予将有远行。行者必以赆，辞曰：‘馈赆。’予何为不受？当在薛也，予有戒心。辞曰：‘闻戒。’故为兵馈之，予何为不受？若于齐，则未有处也。无处而馈之，是货之也。焉有君子而可以货取乎？,yes,1,1,0,1,1,1,0,不受 ||| 受,皆是也 ||| 何为不受,文本对话,孟子,rule_positive,孟子::entry:146325,29e5be723bcc32d1de16a25ee70082204e5c5193adf78b12b52a079c8216f57a
F300V1-0019,2724151,汝为怪物，焉敢缠害命官之子？,他不合冲塞了我水门。告我师，可饶恕，不曾损他性命。,yes,1,0,0,1,1,1,0,缠害命官之子,不曾损他性命,文本对话,清平山堂话本,rule_positive,清平山堂话本::entry:137515,0efd8d64dd0a5504151d06d2c095e1b8a9a1d3582c65270d8e7c5378407e093f
F300V1-0023,2678369,你现在做什么？,我到书房，看看爸写的介绍信在那儿没有。,yes,1,0,1,1,0,0,0,做什么,到书房,文本对话,雷雨,rule_positive,雷雨::entry:105973,dae6df1b1f8f0acda1388eb7957b2d7416e4df753065692686c204590b09d374
F300V1-0199,2734372,有甚麽难处？刷了锅着，烧的锅热时，着上半盏香油。将油熟了时，下上肉，着些盐，着箸子搅动。炒的半熟时，调上些酱水、生葱、料物拌了，锅子上盖覆了，休着出气，烧动火，一霎儿熟了。,这肉熟了，你尝看咸淡如何？,yes,1,1,0,1,0,0,0,肉 ||| 熟了,肉熟了 ||| 咸淡如何,文本对话,老乞大,hard_negative_or_boundary,老乞大::entry:146811,660568187f0312630cd433f17bd92f67d1fae72e6691c278c24de31b02f15e67
F300V1-0091,2720099,不能分……不能分……,你这娃娃！咱们现在应该高兴，哭什么哩！不要哭了！分家的事，我和你妈商量过了，一定要分开！咱高高兴兴往开分！分开咱还是一家人嘛！,yes,1,1,0,1,0,1,0,不能分,一定要分开,文本对话,平凡的世界,rule_negative_random,平凡的世界::entry:134845,f3fedbda92ae364e9186fc51ef23426a079a9d4017df1283916fd844d3c724a8
F300V1-0164,2724401,我不似你这等淫贱，贪生受辱，枉为人在世，泼贱之女！,好言不听，祸必临身！,yes,1,0,0,1,0,1,0,不似你这等淫贱,好言不听,文本对话,清平山堂话本,hard_negative_or_boundary,清平山堂话本::entry:137684,e68d6a272a41352f251efb98c9c67d51c09aaf749c789fdab7f26aff047606cb
F300V1-0252,2723327,知其事，又切请广画,余偶夜遇一神灵，传得画法，每不敢下笔，其如往往为妖，幸察之。,yes,1,1,0,1,0,0,0,请广画,画法 ||| 下笔,文本对话,唐传奇,potential_false_negative,唐传奇::entry:136953,44cf2c0ace9c71a0f52fddf279bfa7e2c74ea0546030789df8d657e6853027c3
F300V1-0297,3003548,你们每天几点出门上班下班到家几点了,7 40起床8 00出门8 06到单位17 30下班17 36到家,yes,1,1,1,1,0,0,0,几点出门上班下班到家几点,出门 ||| 下班 ||| 到家,日常对话,douban-multiturn-100w,analogy_or_parallel_candidate,douban-multiturn-100w::entry:79900,6d0631e2e69e517f05ac6d0b175e199c6d62655eb9699a1c384b29f81631d902
F300V1-0184,2735031,秀才哥，你与我写一纸借钱文书。,拿纸墨笔砚来，我写与你。,yes,1,1,0,1,0,0,0,写一纸借钱文书,我写与你,文本对话,朴通事,hard_negative_or_boundary,朴通事::entry:146883,e5926c00f43451680c95ca960f3828e3781639edca2c4447b83d31492b3dcef6
F300V1-0259,2757085,我至少出力让议会选你为王,给我们一个马其顿的继承人吧,yes,1,0,0,1,0,0,0,选你为王,马其顿的继承人,影视对白,subtitle-useless,potential_false_negative,subtitle-useless::entry:23836,be059e6a4ccf53b54ec9255fde9f7bc7efc4089fed463a6507b2fd75c9297149
F300V1-0206,2722902,怎样？,该走了！,yes,1,0,0,1,0,0,0,怎样,该走了,文本对话,骆驼祥子,hard_negative_or_boundary,骆驼祥子::entry:136669,b6780af4f6e7f4b8648470b8bccca99676fe861c8b5be27465f88b99caaa3f99
F300V1-0102,2736378,朝廷何以徙我？,言卿狂逆。,yes,1,0,0,1,0,0,0,何以徙我,言卿狂逆,文本对话,世说新语,rule_negative_random,世说新语::entry:147598,75424972577bde66cd9806b5f4e5c0ac10ce16d46f7e3cb3c2933daa2fb021b5
F300V1-0181,2730542,不独是以数算，大概只是参合底意思。如赵广汉欲问马，先问牛，便只是以彼数来参此数否？,是。却是恁地数了，又恁地数，也是将这个去比那个,yes,1,1,0,1,0,0,1,以彼数来参此数,将这个去比那个,文本对话,朱子语类,hard_negative_or_boundary,朱子语类::entry:143317,4fa8998b5955635711109d96ef7e31e850d90238f913c1fc8d2cbe8c4afcd7a4
F300V1-0232,2722565,听听声儿吧，铃铛似的！拉去吧，你就是把车拉碎了，要是钢条软了一根，你拿回来，把它摔在我脸上！一百块，少一分咱们吹！,我要这辆车，九十六！,yes,1,0,0,1,0,1,0,一百块,九十六,文本对话,骆驼祥子,potential_false_negative,骆驼祥子::entry:136449,03167d7d1109249b0e9822a37d7f6b549c8a2aff9055d61a0d62a990360b798a
F300V1-0215,2694027,这是最根本的一个变化。,这是制度层面。第二，在经济发展层面，实际上香港的经济发展，无论是人均GDP、人均收入，还是世界影响力、各种排名，这２０年香港在世界上都是提高的。回归以前英方，包括西方也担心回归了以后反而要降低，实际上这２０年是一直走在世界的前列。 第三，从和祖国内地的联系方面，我们实际上是第一个实行“一国两制”，在世界上也是开创性的。,yes,1,1,0,1,0,0,0,这是最根本的一个变化,这是制度层面,访谈语料,china_interview,potential_false_negative,china_interview::entry:117324,84bd5114e364adb095f72196ebd2f27f2f2aed87d0b7e8468ecca5e5ed916948
F300V1-0254,2718266,我想把顾养民捶一捶！,打了他，说不定学校会把咱们开除了……你不要动手。由我出面！,yes,1,0,0,1,1,1,0,捶一捶,不要动手 ||| 由我出面,文本对话,平凡的世界,potential_false_negative,平凡的世界::entry:133644,52050fd477d955a70364b80d38c3b2fd42cf50461e93b7cb6dd07b29461ade8c
F300V1-0263,2889358,那很好还真是没体会过这种经历,就因为这个人弄得我对水瓶男生的印象都坏了我之前很喜欢水瓶座的人这人分手之后太不可理喻,yes,1,0,0,1,0,0,0,这种经历,这个人,日常对话,douban-multiturn-100w,potential_false_negative,douban-multiturn-100w::entry:54988,e105b73067afe900066c316cb1b5dc5905658ba987b367cc770e7ba42a50be9e
F300V1-0113,2734346,小人是姑姑生的，他是舅舅生的。,你两姨弟兄，是亲两姨那，是房亲两姨？,yes,1,0,0,1,0,0,1,姑姑生的 ||| 舅舅生的,两姨弟兄 ||| 亲两姨 ||| 房亲两姨,文本对话,老乞大,rule_negative_random,老乞大::entry:146809,dd3189b47497068877fb81ff61ee4357bc7eac413154a309330000bd53c71c7f
F300V1-0208,2735192,我问你些字样。缝衣裳的“缝”字怎麽写？,那的不容易，纽丝傍做“逢”字。,yes,1,0,1,1,0,0,0,怎麽写,纽丝傍做“逢”字,文本对话,朴通事,hard_negative_or_boundary,朴通事::entry:146911,3954b53bb4fcdedf9c0d4cc4a454597e5d0ec37cc02994238f169b408c86371c
F300V1-0282,2724173,孩儿休问，烧了纸，回家去。,父亲不通名姓，有失其亲。我要性命如何？不如寻个自刎。,yes,1,0,0,1,0,1,0,孩儿休问 ||| 回家去,我要性命如何 ||| 不如寻个自刎,文本对话,清平山堂话本,analogy_or_parallel_candidate,清平山堂话本::entry:137530,dc796ddc4f2f4d3dda19e8f07b7d968b5bf722c7d2ea39bd576e05ec6c3947bf
F300V1-0216,2951012,走起来呗三姐,8月份正好暑假有机会的话就一起,yes,1,0,0,1,0,0,0,走起来,一起,日常对话,douban-multiturn-100w,potential_false_negative,douban-multiturn-100w::entry:68993,6e5a7c5380ab535b7d50fb5967f8907cc6579a8178d75c8eae63daed1a0ba91b
F300V1-0120,2734171,足食，足兵，民信之矣,必不得已而去，于斯三者何先？,yes,1,1,1,1,0,0,0,足食，足兵，民信之矣,三者何先,文本对话,论语,rule_negative_random,论语::entry:146706,48c9b6c8eedc83844ac697444ac84a4fb14d14aeb0966aace0456a528db329b5
F300V1-0217,2734305,汉儿、高丽中半。,里头也有顽的麽？,yes,1,0,0,1,0,0,0,汉儿、高丽中半,里头,文本对话,老乞大,potential_false_negative,老乞大::entry:146805,22603190ef8b887ee49286f43aba0269dfefeb219dd4c2649e736a82090a89f5
F300V1-0088,2772635,亲我想刺激你一下呢佰草集其实只是个杂牌子上货地点也比较杂就算专柜好像也一样,杂牌子能上专柜也很好了,yes,1,1,0,1,0,1,0,杂牌子 ||| 专柜,杂牌子能上专柜,日常对话,douban-multiturn-100w,rule_positive,douban-multiturn-100w::entry:27043,89304cd5602c32f658aeb8a379eded2ce2c7589fb8f7af41066b1021d661e9e0
F300V1-0110,2993802,你想了解哪方面?,你如何运作?,yes,1,0,1,1,0,0,0,哪方面,如何运作,日常对话,chatterbot,rule_negative_random,chatterbot::entry:78,3abed303daa41e9d28bfb31d6fccfac7389f7bef290cea6e879db4a4e8d57ed7
F300V1-0244,2734050,善人也，信人也,何谓善？何谓信？,yes,1,1,1,1,0,0,0,善人也，信人也,何谓善？何谓信？,文本对话,孟子,potential_false_negative,孟子::entry:146587,49083852605d979c52cf015d37beabf743ff46b9a812ed20331dfcdb8ebbb1ff
F300V1-0292,2717774,是……猫蛋？她不是好好的吗？,不是嘛，是我姐夫！,yes,1,1,0,1,1,1,0,猫蛋 ||| 不是,不是嘛 ||| 我姐夫,文本对话,平凡的世界,analogy_or_parallel_candidate,平凡的世界::entry:133318,fcd28304e22c71481e96fb0216378c778a675296e4419ddf1931acbf74cd5c9e
F300V1-0270,2750639,不要死,我現在不會死住！,yes,1,1,0,1,0,0,0,不要死,我現在不會死住,日常对话,qingyun-11w,potential_false_negative,qingyun-11w::entry:19535,95d3b828069a69bac693b7ef938914edbc52fae96f97475f0d99185fa025beca
F300V1-0160,2734150,闻斯行诸？,有父兄在，如之何闻斯行之？,yes,1,1,1,1,0,1,0,闻斯行诸,闻斯行之,文本对话,论语,hard_negative_or_boundary,论语::entry:146684,a622555e9667afb028a6a814cc8e9cc033f2ab6d6c0a8be2425334e333f2e2b4
F300V1-0127,2715076,自那混沌分时，天开于子，地辟于丑，人生于寅，天地再交合，万物尽皆生。万物有走兽飞禽，走兽以麒麟为之长，飞禽以凤凰为之长。那凤凰又得交合之气，育生孔雀、大鹏。孔雀出世之时最恶，能吃人，四十五里路把人一口吸之。我在雪山顶上，修成丈六金身，早被他也把我吸下肚去。我欲从他便门而出，恐污真身，是我剖开他脊背，跨上灵山。欲伤他命，当被诸佛劝解，伤孔雀如伤我母，故此留他在灵山会上，封他做佛母孔雀大明王菩萨。大鹏与他是一母所生，故此有些亲处。,如来，若这般比论，你还是妖精的外甥哩。,yes,1,0,0,1,0,1,1,一母所生 ||| 亲处,外甥,文本对话,西游记,rule_negative_random,西游记::entry:131531,78fdffa3dbe4788b625a809731ec8655c557ef0927bf5de17088fad44babd1d8
F300V1-0081,2719051,少安给我姐送了一块毛毯，托少平捎来了，少平说要交给你。,那让他进来一块吃饭嘛！,yes,1,0,0,1,0,0,0,少平,他,文本对话,平凡的世界,rule_positive,平凡的世界::entry:134157,88d87ab7e77d72ff5bd8d64a983f4f21bd4c45f3bec87900a28d15f55956f022
F300V1-0082,2681662,既这么着，你也不许洗去，只洗洗手来拿果子来吃罢。,我慌张的很，连扇子还跌折了，那里还配打发吃果子。倘或再打破了盘子，还更了不得呢。,yes,1,1,0,1,0,1,0,拿果子来吃,那里还配打发吃果子,文本对话,红楼梦,rule_positive,红楼梦::entry:107895,74e6a6689de53e93f4e0a99ff29f8ca7208a7c59b95263760a322a895ac6162c
F300V1-0288,2711806,怎么叫做将计就计？,你若使住法儿不允他，他便不肯倒换关文，不放我们走路。倘或意恶心毒，喝令多人割了你肉，做甚么香袋啊，我等岂有善报？一定要使出降魔荡怪的神通。你知我们的手脚又重，器械又凶，但动动手儿，这一国的人尽打杀了。他虽然阻当我等，却不是怪物妖精，还是一国人身；你又平素是个好善慈悲的人，在路上一灵不损，若打杀无限的平人，你心何忍！诚为不善了也。,yes,1,0,0,1,0,0,0,怎么叫做将计就计,你若使住法儿不允他,文本对话,西游记,analogy_or_parallel_candidate,西游记::entry:129423,9a9383e82a194e83568d0bf8dca3efca5bf3f2f0bc2f5ee32ed240f9e74c0d39
F300V1-0261,2733378,某人如何？,也靠不得,yes,1,0,0,1,0,0,0,如何,也靠不得,文本对话,朱子语类,potential_false_negative,朱子语类::entry:145956,3a993196dc0d1f49a02ce62067fc822d15b84cbe8948ff50a99d92f992eb94c1
F300V1-0063,2734463,那个是刘清甫酒馆，是我街坊，怎麽不认的？,虽然这般时，房子委实窄，宿不得。,yes,1,0,0,1,0,1,0,怎麽不认的,虽然这般时,文本对话,老乞大,rule_positive,老乞大::entry:146819,8415aae17e52a442a7d626f2cb83501ef0b8f3b6135c4b951beda161dd2d5abd
F300V1-0087,2693913,我们知道杭州借助信息化改善医疗服务也是入选了国务院医改领导小组印发的《深化医药卫生体制改革典型案例》，您认为杭州这些做法有哪一些地方是值得在全国进行推广和借鉴的呢？,落实政府的责任还是首要的。所以，因为政府改革的主要目的就是让人民群众享受到改革带来的便利或者是实惠。所以，从讲政治的角度来说，应该去很好地践行。这是第一个。 第二，从社会效益来讲。因为我们卫生系统本身就是救死扶伤的，我们杭州也提出了一个工作的理念，叫医学有局限，勇于攀登；服务无止境，追求卓越。我们卫生系统本身就是救死扶伤，就必须贴近为人民群众解决实际问题。另外，在当前进一步构建新型的和谐医患关系的过程中间，我们卫生人不能等体制机制都变了，我们才有所作为，我们应该敢于担当，主动作为。,yes,1,0,0,1,0,0,0,值得在全国进行推广和借鉴,落实政府的责任还是首要的,访谈语料,china_interview,rule_positive,china_interview::entry:117225,3bbfc3601c721540e7b9c6ac21950e95c73c85575a8bfcf90ab27bfb5b8bbae1
F300V1-0013,2998903,优美胜于丑陋.,明了胜于晦涩.,yes,1,1,1,0,0,0,1,优美胜于丑陋,明了胜于晦涩,日常对话,chatterbot,rule_positive,chatterbot::entry:79,945611e961408f631a81fc59eadc6fd631348a32e0ee6b53d97c4de0f23b0f0a
F300V1-0237,2728842,『非其君不仕，非其民不使』；『治亦进，乱亦进，不羞污君，不辞小官』，气象可谓已甚矣，而目之曰圣人之清、和，似颇难会,虽是圣，终有过当处,yes,1,1,0,1,0,1,0,圣人之清、和,虽是圣 ||| 过当处,文本对话,朱子语类,potential_false_negative,朱子语类::entry:141729,578630b353365486aa6d83695d821b85bd6ce029a1fc3cb3de4fb6d6f4dd800e
F300V1-0031,2747704,没事~,哦，没事就好,yes,1,1,0,1,0,0,0,没事,没事就好,日常对话,青云语料,rule_positive,青云语料::entry:168,eee88d2b953f9508e83e78d0b9f096128902f641a431084fdb70f7a2a513d5e6
F300V1-0238,2754833,参考 呆湾就不会有温格了,改成白色恐怖么,yes,1,1,0,1,0,0,1,参考 呆湾,白色恐怖,网络回帖,贴吧回帖,potential_false_negative,贴吧回帖::entry:233,364342ad850bea20339e366ec83d51e990cd3e7821b1eecd9891135ed67d3a7f
F300V1-0096,2734147,师也过，商也不及,然则师愈与？,yes,1,1,0,1,0,0,0,师,师,文本对话,论语,rule_negative_random,论语::entry:146681,aef709b2c5afad1f4783f6b5626434c90ec99319dfb7cf35dab2d154c0446d40
F300V1-0161,2705340,这个庄客倒眼乖。,师父怎生得知？,yes,1,0,0,1,0,0,0,眼乖,怎生得知,文本对话,水浒传,hard_negative_or_boundary,水浒传::entry:125232,5e2180c75470424b93c2bd3f7139999e57c334b8893410ff486a72ae167a3388
F300V1-0068,2727131,横渠说，以为『予所否厄者，是天厌弃之』。此说如何？,大抵后来人讲经，只为要道圣人必不如此，须要委曲迁就，做一个出路，却不必如此。横渠论看诗，教人平心易气求之。到他说诗，又却不然,yes,1,1,0,1,1,1,0,横渠说 ||| 此说如何,横渠论看诗 ||| 又却不然,文本对话,朱子语类,rule_positive,朱子语类::entry:140137,2cfd5985e0cc189e9c225d7683db53641957a8928ac89fbbd0d172c0dc85ef3a
F300V1-0173,2755159,参考北韩,台湾蒋氏又参考谁呢？,yes,1,1,1,1,0,1,1,参考北韩,参考谁,网络回帖,贴吧回帖,hard_negative_or_boundary,贴吧回帖::entry:234,cbded7ab4de26319a0a2fd3b5333fc688fd56c43e26d68d04e974685e558afa9
F300V1-0299,2689524,我若是死在这里，倒把太太的好心弄坏了。我该死在家里才是。,哥哥办事不错，若是死在哥哥家里，岂不又害了哥哥呢。,yes,1,1,1,1,0,1,1,死在这里,死在哥哥家里 ||| 害了哥哥,文本对话,红楼梦,analogy_or_parallel_candidate,红楼梦::entry:113916,6eaf2debf5909a2827f36890471e3a99166e3ecc99aa0176554465b3ebf41835
F300V1-0054,2734117,弟子孰为好学？,有颜回者好学，不迁怒，不贰过，不幸短命死矣！今也则亡，未闻好学者也,yes,1,1,1,1,0,0,0,孰为好学,颜回者好学,文本对话,论语,rule_positive,论语::entry:146653,ec883124f67b9da87d3bfde762e8607bb8aa16094e0e5b3ea90ff9d72df2ebd0
F300V1-0045,2724332,妾闻'男冠而有室，女笄而有家'，今琼年二十，闺房之事，想已知之。且琛居门下，亦有年矣，而琼岂无思念之心？妾视动静之间，俱有不足之意；不如早命纳琛为婿，庶免彰人之耳目。,【彧】：依汝言也罢。,yes,1,0,0,1,0,0,0,早命纳琛为婿,依汝言也罢,文本对话,清平山堂话本,rule_positive,清平山堂话本::entry:137636,a30e6750c2521c04897985c2ebcf9682514df7a8bb82b1c47e537497dac16120
F300V1-0187,2678585,倒了它？,嗯？好，要不，你先把它放在那儿。不，你还是倒了它。,yes,1,1,0,1,1,0,0,倒了它,倒了它,文本对话,雷雨,hard_negative_or_boundary,雷雨::entry:106016,3fe9ffbdb219e1f31ae8481b842b6fe6f73d322d440a794329cb03e92272e626
F300V1-0014,2754499,参考现在的朝鲜,为毛不参考呆湾,yes,1,1,1,1,0,1,1,参考现在的朝鲜,不参考呆湾,网络回帖,贴吧回帖,rule_positive,贴吧回帖::entry:230,a9caf3c45f621580cb6b1c77e43806e956b881741c850987b3cefbea9a0b3b0d
F300V1-0074,2725291,正解鲁尼根本不爱曼联，自己都说永远是蓝色的心，可笑一些人蜜总拿情怀说事，听了就跟吃了苍蝇一样恶心强行把一个两次闹离队的埃弗顿球迷捧成曼联传奇，我真是呵呵，我现在最好奇的是鲁尼退役后会出现在哪一个球场的看台,让这种人当队长也是欺负我魔没人了,yes,1,0,0,1,0,0,0,鲁尼 ||| 曼联,这种人 ||| 我魔,网络回帖,tieba-305w,rule_positive,tieba-305w::entry:13844,f9504b9cd6c1cd230c46e966d6cc7bca7d529de4bca6a6dd007fa52c48c56550
F300V1-0036,2848416,蓝罐曲奇,蓝罐曲奇是什么阿,yes,1,1,0,1,0,0,0,蓝罐曲奇,蓝罐曲奇是什么阿,日常对话,douban-multiturn-100w,rule_positive,douban-multiturn-100w::entry:45634,09a305bc1c1a681f2ffdf58ec3f4666c5f35ca7cf0ae8600c9183ced2c346f40
F300V1-0059,2723756,我合食尔，尔何反有是言？,君有罪于上帝，被谪在此为虎，令食一千人。吾今已食九百九十九人，唯欠汝一人，其数当足。吾今不幸，为汝窃皮，若不归，吾必须别更为虎，又食一千人矣。今有一计，吾与汝俱获两全，可乎？,yes,1,1,0,1,1,0,0,食尔,食九百九十九人 ||| 唯欠汝一人,文本对话,唐传奇,rule_positive,唐传奇::entry:137242,f07c8715387b45d71e4c8a57be3e3816630aae64b1d3594eb35555d8afb8c9a8
F300V1-0162,2678195,哦，我的孩子，我的孩子今天受了委屈了。,你看看，这孩子一身小姐气，她要跟你不是受罪么？,yes,1,1,0,1,0,1,0,我的孩子 ||| 受了委屈,这孩子 ||| 受罪,文本对话,雷雨,hard_negative_or_boundary,雷雨::entry:105938,a216f5097e802b6dbc1fb943c4552b02c24e7bbb229d46ab38a0bfb47ecc7249
F300V1-0287,2696063,据报道，三名北约官员透露，北约正在讨论如果与俄罗斯发生更广泛的冲突，将收回一些中国在欧洲拥有的基础设施项目。中方对此有何评论？,有关言论是北约意图越界扩权、搞阵营对抗的又一体现。中俄关系建立在不结盟、不对抗、不针对第三方基础上，中欧经济合作符合双方利益。北约以与俄冲突为由，干扰破坏中欧合作，毫无道理，各方应坚决抵制。,yes,1,1,0,1,0,1,0,北约 ||| 中国,北约 ||| 中欧合作,访谈语料,mfa_press,analogy_or_parallel_candidate,mfa_press::entry:118999,e9ab9c2a991149f1e7f3ac2a425655b3a50ec4e24ddaf2e1b2ad77713bf5934f
F300V1-0018,2694202,近日，大陆高铁运营里程超5万公里的新闻引起岛内热议。有舆论称，台湾长期饱受能源不足、基础设施老旧困扰，如果引进大陆资金、技术，打通中央山脉、改善花东交通等都不是问题，从花莲、台东回台北再也不必担心路断山崩，那才是真正的安全感。也有网友表示，期待有朝一日搭乘高铁横跨台湾海峡往来两岸。对此有何评论？,大陆的高铁建设举世瞩目，“十四五”以来，大陆建成投运高铁超1.2万公里，128个县迈入了高铁时代，目前高铁总里程5.04万公里，覆盖97%的50万以上城区人口城市，建成了世界上规模最大、现代化水平最高的高速铁路网。飞驰的高铁让距离变“小”，让梦想变“大”，让远方不再遥远。 和平统一将给台湾经济社会发展创造巨大机遇。有强大祖国做后盾，台湾包括基础设施建设等在内的方方面面都会更好。台湾同胞将同大陆同胞一道，共享我们伟大国家的尊严和荣耀，共享中国式现代化发展成果，迎来繁荣稳定的光明未来。,yes,1,1,0,1,0,0,0,高铁 ||| 台湾,高铁 ||| 台湾,访谈语料,china_live,rule_positive,china_live::entry:117479,5a950b844e39102596d2f36f490109728ba0179c0a8b516faa4ac9dca9019c8e
F300V1-0177,2756796,还有些人说是狄俄尼索斯的孩子,只有女人才了解狄俄尼索斯,yes,1,1,0,1,0,0,0,狄俄尼索斯,狄俄尼索斯,影视对白,subtitle-useless,hard_negative_or_boundary,subtitle-useless::entry:23777,8d19cec0844815800d3712032aad4c26726e8edcbdb52808d63e3827c2935aad
F300V1-0296,2734120,赐也可使从政也与？,赐也达，于从政乎何有！,yes,1,1,1,1,0,0,0,赐也 ||| 从政,赐也达 ||| 从政,文本对话,论语,analogy_or_parallel_candidate,论语::entry:146656,3730ff4844743a679401b2b9c06ed836f7807d8cbb993b8c93ffd3ce46990fd0
F300V1-0017,2651506,像果腐那样新鲜的果腐,不是,yes,1,0,0,1,0,1,0,像果腐那样新鲜的果腐,不是,多模态语料,local-audio-demo,rule_positive,local-audio-demo::demo2,1a6670696673b09412d02c09d28627b05e6a3bd75cbe48091a6d6e53d740a8cf
F300V1-0069,2651496,特别好吃,我觉得是最好吃的苹果片,yes,1,1,1,1,0,0,0,特别好吃,最好吃的苹果片,多模态语料,local-audio-demo,rule_positive,local-audio-demo::demo2,83eba040c69d4d359a4af4dca77d5e8ab56d3ab606935eebeda59429c8d5eb2f
F300V1-0182,2722912,那什幺，没有。天还没亮，就都起来了，简直顾不得说话了。火车是，那什幺，七点四十分就开！那什幺，我怎幺过那院去？,跳过去！,yes,1,0,0,1,0,0,0,我怎幺过那院去,跳过去,文本对话,骆驼祥子,hard_negative_or_boundary,骆驼祥子::entry:136675,4a83e8b8d34d9c51b8edb10b1d39211dae316a97a0025b1f581b323664ee8a31
F300V1-0107,2677701,我在矿上干了两年，我没有变，我看你变了。,你的话我有点不懂，你好像，有点像二少爷说话似的。,yes,1,0,0,1,0,0,0,我看你变了,你的话,文本对话,雷雨,rule_negative_random,雷雨::entry:105839,1a7a1d431b214dab4c99a5dd374b7ff0875acdaa997d66aeee79feca1f3097d0
F300V1-0122,2722757,忙，年底下！,我知道你这小子吃硬不吃软，跟你说好的算白饶！你当我怕谁是怎着？你打算怎样？你要是不愿意听我的，我正没工夫跟你费吐沫玩！说翻了的话，我会堵着你的宅门骂三天三夜！你上哪儿我也找得着！我还是不论秧子①！,yes,1,0,0,1,0,1,0,忙,没工夫,文本对话,骆驼祥子,rule_negative_random,骆驼祥子::entry:136573,33eef2c08e9ca88086bf1d9961864d39836250507eb95a2b5b591e5687f99bcb
F300V1-0188,2751383,你是自我,"你是对的,我的自我。",yes,1,1,0,1,0,0,0,自我,我的自我,日常对话,chatterbot-1k,hard_negative_or_boundary,chatterbot-1k::entry:20198,32c947c7b7dc566cdb8516807478f6471fcd383695464b302140a07edc6bd4f2
F300V1-0190,2733816,远方之人闻君行仁政，愿受一廛而为氓,闻君行圣人之政，是亦圣人也，愿为圣人氓,yes,1,1,1,1,0,0,0,闻君行仁政 ||| 愿受一廛而为氓,闻君行圣人之政 ||| 愿为圣人氓,文本对话,孟子,hard_negative_or_boundary,孟子::entry:146356,e587c6351eaecbc735d130d841ce4ed0db34185e0d875caab6228b6e8364d04c
F300V1-0133,2724163,我有个女孩儿，刘二哥求作媳妇，就今日说开。,既如此，选个吉日良辰，下些定礼。,yes,1,0,0,1,0,0,0,求作媳妇,下些定礼,文本对话,清平山堂话本,rule_negative_random,清平山堂话本::entry:137523,2e6582c38630cc5bf4858c8081c6d407c0b1f4a24e04a6ca06be502724c22409
F300V1-0047,2698763,却怕使不的。开封府公文只叫解活的去，却不曾教结果了他。亦且本人年纪又不高大，如何作的这缘故？倘有些兜答，恐不方便。,董超，你听我说。高太尉便叫你我死，也只得依他，莫说使这官人又送金子与俺。你不要多说，和你分了罢，落得做人情，日后也有照顾俺处。前头有的是大松林猛恶去处，不拣怎的与他结果了罢。,yes,1,1,0,1,0,1,0,结果了他 ||| 如何作的,结果了罢,文本对话,水浒传,rule_positive,水浒传::entry:120967,4c206b2c4c642f72e4959d8e6458ec3252f2181ccce52a9ddc979a8ef249aaaf
F300V1-0025,2733860,是何伤哉？彼身织屦，妻辟纑，以易之也,仲子，齐之世家也。兄戴，盖禄万钟。以兄之禄为不义之禄而不食也，以兄之室为不义之室而不居也，辟兄离母，处于于陵。他日归，则有馈其兄生鹅者，己频顣曰：‘恶用是鶃鶃者为哉？’他日，其母杀是鹅也，与之食之。其兄自外至，曰：‘是鶂鶂之肉也。’出而哇之。以母则不食，以妻则食之；以兄之室则弗居，以于陵则居之。是尚为能充其类也乎？若仲子者，蚓而后充其操者也,yes,1,1,1,1,1,1,0,是何伤哉 ||| 以易之也,是尚为能充其类也乎 ||| 以兄之禄 ||| 以兄之室,文本对话,孟子,rule_positive,孟子::entry:146402,5fbd2a0ab56b07867aea4a5301a9d5e38fc130f0ee7c46cf5d8155dc5f00df51
F300V1-0106,2737971,他回到队上了,不敢相信他没告诉我,yes,1,1,0,1,0,0,0,他,他,影视对白,subtitle-useless,rule_negative_random,subtitle-useless::entry:15021,10ef9440ad139ff39d20b04dd9aa05f9c65f10d6d45fa4d439f80d9a770c0c5e
F300V1-0165,2733820,否。许子衣褐,许子冠乎？,yes,1,1,0,1,0,0,0,许子衣褐,许子冠乎,文本对话,孟子,hard_negative_or_boundary,孟子::entry:146361,08601f8f6089c3752986ade742dfc7f6ea6f0c84931995c7988d9c88f923d50f
F300V1-0207,2718476,“这家伙又胡说八道了！”,“你怎敢这样说呢？”,yes,1,1,0,1,0,1,0,胡说八道 ||| 说,这样说,文本对话,平凡的世界,hard_negative_or_boundary,平凡的世界::entry:133783,6bb0c97783bd3c8e53c9d0626dd32a35ee3d67eaaf2e88e4125d6c7be0035e67
F300V1-0044,2694236,南方日报、南方+记者：近日，台“民主文教基金会”公布的一份岛内民调显示，对于两岸如果发生军事冲突，有54.4%受访者认为美国一定不会或可能不会无条件出兵保护台湾，认为会的仅为28.6%。请问对此有何评论？,有关民调再次表明，越来越多台湾同胞认识到“台独”是绝路、外人靠不住，认识到在美国眼里，台湾只是遏制大陆发展的“棋子”，也是随时可以被抛弃的“弃子”。 必须强调，台湾问题纯属中国内政，不容任何外来干涉。民进党当局顽固“倚美谋独”，换不来安全与和平，只会祸及当下，贻害子孙。,yes,1,1,0,1,0,0,0,民调 ||| 台湾,有关民调 ||| 台湾,访谈语料,china_live,rule_positive,china_live::entry:117508,e1b75b9d543ae0f9e3bbf139323cbd148c7a4933f70062fc0ee0f9e8c53eae92
F300V1-0131,2678934,你想见他？,嗯，他在哪儿？,yes,1,1,0,1,0,0,0,他,他,文本对话,雷雨,rule_negative_random,雷雨::entry:106086,bee598050a0370102f707c0092ed5e16e72720f458be8d3af9138cc6d6ca8360
F300V1-0148,2730625,简易,若长是易时，更有甚么险？他便不知险矣。若长是简时，更有甚么阻？他便不知阻矣。只是当忧患之际方见得,yes,1,1,0,1,0,1,0,简易,易 ||| 简,文本对话,朱子语类,rule_negative_random,朱子语类::entry:143401,51c2c52b140f95c477420b80054ff102e96c977acc372a2cee82c923a99fe8ae
F300V1-0016,2724809,人之习为不善，其溺已深者，终不可复反矣,势极重者不可反，亦在乎识之浅深与其用力之多寡耳,yes,1,1,0,1,1,1,0,终不可复反矣,不可反 ||| 亦在乎,文本对话,朱子语类,rule_positive,朱子语类::entry:137995,39a019898fb85c94c5ccdd3d46b81a6f4376d337549aca019d5aa21c6fce7d9e
F300V1-0289,2751423,你需要更努力地工作,我努力工作是一个矛盾。,yes,1,1,0,1,0,1,0,更努力地工作,努力工作,日常对话,chatterbot-1k,analogy_or_parallel_candidate,chatterbot-1k::entry:20233,f4c218e8c5a822054aaa5d64c32067f97e23733e4639d50e74fcfed5dc0a606a
F300V1-0247,2734109,忠矣！,仁矣乎？,yes,1,0,1,1,0,0,0,忠矣,仁矣乎,文本对话,论语,potential_false_negative,论语::entry:146646,5c71f5e8a9d5aa23d15ca014d26b4e757d70c95f5dd679e6c84f39284ed9802d
F300V1-0227,2678316,没有吧，我在她的门上敲了半天，她的门锁着。是的，那也许。爸，我走了。,冲儿，不要走。,yes,1,1,0,1,0,1,0,我走了,不要走,文本对话,雷雨,potential_false_negative,雷雨::entry:105962,892cc90ce968061d2a2ae5af7a206438776ef13645f837bb7f7edce417f090ad
F300V1-0033,2723890,【帝】：碧海无涯，仙人路绝，何计通耗？,【妃】：若遇雁府上人，可附信矣。,yes,1,0,0,1,0,0,0,何计通耗,可附信,文本对话,唐传奇,rule_positive,唐传奇::entry:137338,1dbcfb720fa964b93e8a0f20b97f4a840777ec6db95cf6653ff3eb59f0df0a4c
F300V1-0231,2714006,物虽微贱，却要用心收藏，切不可摇幌着他。,我晓得。安在这妆台之上，无人摇动。,yes,1,1,0,1,0,0,0,用心收藏 ||| 切不可摇幌着他,我晓得 ||| 无人摇动,文本对话,西游记,potential_false_negative,西游记::entry:130834,281e0591a58e606def38602fcd6d05239901bc913c505c064cf961d19324ac8c
F300V1-0223,2734218,君子,修己以敬,yes,1,0,0,1,0,0,0,君子,修己以敬,文本对话,论语,potential_false_negative,论语::entry:146757,110714c587a8022eac945d308ba510aad9dc7d0f03e774eedfec39adf7d166c4
F300V1-0042,2725697,『人不知而不愠』，此是所得深后，外物不足为轻重。学到此方始是成否？,此事极难。愠，非勃然而怒之谓，只有些小不快活处便是,yes,1,1,0,1,1,0,0,不愠,愠,文本对话,朱子语类,rule_positive,朱子语类::entry:138814,2d276b4c719a9d45c3f6c5f29c4ea5602e05535be162096e7c917a868f0ac791
F300V1-0251,2677873,他又把前一个月的话跟我提了。,他说，他要你？,yes,1,1,0,1,0,0,0,话 ||| 跟我提了,他说，他要你,文本对话,雷雨,potential_false_negative,雷雨::entry:105873,fa5e4c6389d78e3a83fd86b47eaa857cbd32127f3fe76b624b901d322a2f77be
F300V1-0136,2700536,哥哥去清风寨回来，是必再到山寨相会几时。,再得相见。,yes,1,0,0,1,0,0,0,再到山寨相会,再得相见,文本对话,水浒传,rule_negative_random,水浒传::entry:122116,3baab57ae5fb74dc53d200dfd6c49d6e26a4d787b7425d0623af714507a8b889
F300V1-0255,2708589,认你父王。我是他驸马，他是我丈人，怎么不去认认？,你去不得。,yes,1,0,0,1,0,1,0,怎么不去认认,你去不得,文本对话,西游记,potential_false_negative,西游记::entry:127362,8c8e7381e5430262f4be522232b75c39e12c21cc6b2581c151377047927ae545
F300V1-0034,2722630,给多少是多少！,你看，你看，二三十块钱真不好说出口来，可是还真不容易往外拿呢；这个年头，没法子！,yes,1,0,0,1,0,0,0,给多少,二三十块钱,文本对话,骆驼祥子,rule_positive,骆驼祥子::entry:136491,3a3244921d7cf107266dee0afa17f436259102a1e4b26c2da3c78483ffbfc393
F300V1-0119,2685269,既这样，我别处找吃的去。饿的我受不得了。,【平】：奶奶请回来。这里有点心，且点补一点儿，回来再吃饭。,yes,1,1,0,1,0,0,0,找吃的 ||| 饿,点心 ||| 再吃饭,文本对话,红楼梦,rule_negative_random,红楼梦::entry:110662,104435ac3ad6138b8a7bd82c3c8030e15edd482cd54b6ac7833f4a2f40294e7d
F300V1-0012,2651858,为什么这么聪明,哪里哪里，菲菲的聪明与进步全得益于跟你们猥琐的聊天对话...,yes,1,1,0,1,0,1,0,聪明,哪里哪里 ||| 聪明,日常对话,qingyun-11w,rule_positive,qingyun-11w::entry:10007,67a8d0baa3b17b2ec6f25cfa19baae78747744b6b0a7e89814d4dc9c46d1d5df
F300V1-0129,2735082,说三日三宿，从今日起，后日罢散。诸国人民，一切善男善女，不知其数，发大慈心，都往那里听佛法去。这的真善智识那里寻去，咱也随喜去来。,你且停一停，我到衙门押了公座便来。,yes,1,0,0,1,0,1,0,咱也随喜去来,你且停一停,文本对话,朴通事,rule_negative_random,朴通事::entry:146891,8e7d4dac300c853b62469db1c72e5ea0a735ea1e04cbe3abdef2d694ec0efa02
F300V1-0055,2717672,噢……孙玉厚的二小子！都长这么大了。和你爸一样，大个子！……是不是和晓霞一个班？,和晓霞不一个班，和润生是一个班。,yes,1,1,1,1,1,1,0,和晓霞一个班,和晓霞不一个班 ||| 和润生是一个班,文本对话,平凡的世界,rule_positive,平凡的世界::entry:133251,705f3e756966074b386afe70693345ff769d9931cc30c54cc70f13cf3db24316
F300V1-0178,2735841,汝谓我堪此不？,何为不堪！但克让自是美事，恐不可阙。,yes,1,1,0,1,0,1,0,堪此不,何为不堪,文本对话,世说新语,hard_negative_or_boundary,世说新语::entry:147213,6000455b4ccec828f12802d769d5bdadbfe79d4bd50e8616f64a3d3c6fc9c1c5
F300V1-0139,2751387,你是脑残,你疯了,yes,1,1,1,1,0,1,0,你是脑残,你疯了,日常对话,chatterbot-1k,rule_negative_random,chatterbot-1k::entry:20200,f7bc41b2b624629266d000a2fe8bbb346fc0f4bb3fb802de79b197af1d1c0afc
F300V1-0192,2737779,你没有任何意义,这一切都对我的人造心灵有意义。,yes,1,1,0,1,0,1,0,没有任何意义,有意义,日常对话,chatterbot,hard_negative_or_boundary,chatterbot::entry:15,4989b2fc723cc49d7a10ea07f08fe8043718f64e4c4fa31283bc523bf83e101f
F300V1-0098,2722905,该走了！,你说说，我到底还没明白是怎回子事！,yes,1,0,0,1,0,1,0,该走了,还没明白,文本对话,骆驼祥子,rule_negative_random,骆驼祥子::entry:136670,7f5f9d6c35775537e3cd6c4efa3958bc5a26089ef8871937acc8dbe50376e80e
F300V1-0239,2693906,每个流程都要排队。,对，我们顺应群众的呼声，自我加压，让医生来承担，提前为患者服务的诊间结算的功能。这样一来，医生开了单子以后，马上可以在医生的诊间收费，就是我们说的直接结算。 第二，我们现在已经做到了B超预约，你用不着再到B超室和CT室去预约，在医生的信息平台上，我们把资源都整合到直接为患者服务的医生手里，医生就可以根据您的要求，选择比如说统一的明天下午好不好？你说好，那就很潇洒地OK，那你就走了。,yes,1,0,0,1,0,0,0,每个流程都要排队,诊间结算 ||| B超预约,访谈语料,china_interview,potential_false_negative,china_interview::entry:117219,e4f0a8a3fc250a25f727f8f33e33770d7dbc6079044692f9a3e9a7cc54897dd5
F300V1-0105,2735155,好，好，饭汤休着冷了，等一会儿吃。如今便入里头去时，冻面皮都打破了，不中。你把那蜡壶瓶汕的干净着，控一控，且旋将酒来吃一盏。,这酒忤秃怎麽吃？,yes,1,1,0,1,0,0,0,酒 ||| 吃,这酒 ||| 怎麽吃,文本对话,朴通事,rule_negative_random,朴通事::entry:146903,5e7fc3e660b2437507c0fe37d1cb2baa4d669417e9fe20a20467748e1177bfda
F300V1-0171,2706503,仔要跑去主人的梦里找主人了,主人qq979910271.小宇，827308479何玲燕,yes,1,1,0,1,0,0,0,主人,主人,日常对话,青云语料,hard_negative_or_boundary,青云语料::entry:126,44d8425c82930973760639d6d2523ac210da42754d35d52bc114263fb9a20a7a
F300V1-0026,2734780,官人们都来了。将些乾按酒来。就将那烧肉来。我们先吃两巡酒。后头抬卓儿，弹的们动乐器，叫唱的根前来，着他唱。,如今抬卓儿上汤着。捧汤的都来。第一道熝羊蒸卷，第二道金银豆腐汤，第三道鲜笋灯笼汤，第四道三鲜汤，第五道五软三下锅，第六道鸡脆芙蓉汤，都着些细料物。第七道粉汤馒头。官人们待散也，疾快旋将酒来，把上马杯儿。如今唱达达曲儿，吹笛儿着。今日个日头，咱弟兄们和顺的上头，皇帝的大福阴里，酒也醉了，茶饭也饱了,yes,1,1,0,1,0,0,0,抬卓儿 ||| 酒,抬卓儿 ||| 酒,文本对话,朴通事,rule_positive,朴通事::entry:146850,b656c39b1ceb07f04c7669769df1e9676250cd7190b701ca4667eb87f78a15a0
F300V1-0032,2693230,快走快,快快走快跑快跑,yes,1,1,1,1,0,0,0,快走 ||| 快,快快走 ||| 快跑,影视对白,subtitle-useless,rule_positive,subtitle-useless::entry:1167,fee7b916471724909fa56bb035ad6b63c3a9937338e3380d9732de05e4536fdf
F300V1-0008,2723050,两辆车一天进上三毛钱，不够吃的！赁出一辆，我自己拉一辆，凑合了！,那还不是一样？你还是不着家儿！,yes,1,0,0,1,0,1,0,赁出一辆，我自己拉一辆,那还不是一样,文本对话,骆驼祥子,rule_positive,骆驼祥子::entry:136764,b0e2056845a6358674b06662100fc5362cb65bcb47786827d3ae0dfc00d02242
F300V1-0183,2718634,我照枣着哩！你二爸给我安排了这个轻省活……你吃枣不？,你都拾上！现在这周围没人看见！,yes,1,0,0,1,0,0,0,你吃枣不,你都拾上,文本对话,平凡的世界,hard_negative_or_boundary,平凡的世界::entry:133886,a069699a997986c5e2754bda48687450e50994c58c47ead0a4ff198b174db185
F300V1-0002,2734081,子奚不为政？,书云：孝乎！惟孝友于兄弟，施于有政。是亦为政。奚其为为政！,yes,1,1,1,1,1,1,0,子奚不为政 ||| 为政,是亦为政 ||| 奚其为为政,文本对话,论语,rule_positive,论语::entry:146618,f2854e361ddeb616ba14422f2dfb0d2b88bef3b623e9f94584a069b33b6c6791
F300V1-0245,2691938,明日为始，一天写一百字才好。,以后只管写字念书，不用出来也使得。你去回你太太知道。,yes,1,1,0,1,0,0,0,一天写一百字,写字念书,文本对话,红楼梦,potential_false_negative,红楼梦::entry:115720,c1326aabec0a6f9c5fd4bc30dc90716e975c59a1dba3fcca68159f72d2d9c0d2
F300V1-0175,2734618,我这一百零五两，该多少牙税钱？,你自算，一两该三分，十两该三钱，一百零五两，牙税钱该三两一钱五分。,yes,1,1,1,1,0,0,0,该多少牙税钱,牙税钱该三两一钱五分,文本对话,老乞大,hard_negative_or_boundary,老乞大::entry:146834,965e886c65f79465c9b367869f1649199d56b746ec25491c225d9cec3b3f0350
F300V1-0114,3072133,我也26没人管我,那你不错我家里人急死了天天张罗我去相亲,yes,1,0,0,1,0,1,0,没人管我,我家里人急死了,日常对话,douban-multiturn-100w,rule_negative_random,douban-multiturn-100w::entry:94152,7cd15a80e1b5d374627eea27a85b553db17b9388986882909422470764c12aec
F300V1-0085,2723968,某为明府送书，纵书人之意忤明府，使音何罪？,适怒匠人，不意误笞君耳。,yes,1,0,0,1,1,0,0,何罪,误笞君,文本对话,唐传奇,rule_positive,唐传奇::entry:137390,ed0bbceb1ba33b327c1ea6deb93c8e865ffdb5e9c563f8bacbf1c5bbf159de42
F300V1-0103,2708852,兄弟，拿葫芦来。,你拿着的。天呀！怎么不见了？,yes,1,0,0,1,1,1,0,拿葫芦来,你拿着的 ||| 怎么不见了,文本对话,西游记,rule_negative_random,西游记::entry:127527,3dbb8db7c77305e513ece02d62e4004ae42869739d685bf9fa6376f8cee5f07d
F300V1-0256,2723031,“我不能闲着！”,“你不会找老头子去？”,yes,1,0,0,1,0,0,0,不能闲着,找老头子去,文本对话,骆驼祥子,potential_false_negative,骆驼祥子::entry:136752,5df4c41490c579bb8a3cea69a8c80c301c2ea0364d88bcbd2117fcbd68a06cf0
F300V1-0229,2734922,一个长大汉撒大鞋，白日去，黑夜来。,这个是灯台。,yes,1,0,0,1,0,0,0,一个长大汉撒大鞋，白日去，黑夜来,灯台,文本对话,朴通事,potential_false_negative,朴通事::entry:146867,6338a2073e96917b3541e63f4c6b2c6bbfd1afb5e18b50bf1530451de934d0be
F300V1-0048,2937964,因为曼联的原因，我也看桑德兰的比赛，抛开成绩，桑德兰打的还是不错的，运气不好，加上23号和28号两个煞笔坑货，希望前曼联主帅走出低谷,是，比在曼联时踢的有信心,yes,1,1,0,1,0,0,0,曼联,曼联,网络回帖,tieba-305w,rule_positive,tieba-305w::entry:6604,ca83c2fadadbff0dacf3b0ffe8212e27d684929fe8cdea7bdf1f95ab4a95ecc8
F300V1-0149,2915123,乔科尔 速度不差吧,那个时代技术最好的英格兰球员,yes,1,0,0,1,0,0,0,乔科尔,那个时代技术最好的英格兰球员,网络回帖,tieba-305w,rule_negative_random,tieba-305w::entry:6085,72ab24625c4c4210d0341b2cbae61e0e34b35fa9d70f9c78796f11fd26eb1501
F300V1-0009,2693793,中华人民共和国《中医药法》于7月1日刚刚实施，中医药法的实施对于中医药走出去和国际合作将产生怎样的影响？,影响是具有历史性的，意义是非常重大的。因为《中医药法》是我们的根本大法，它明确了国家发展事业根本的取向、原则以及重点的发展领域，法理对走向国际，对于中医药的国际标准化都有明确的内容。所以我们下一步按照这个法来全面推动，不断的把顶层设计完善起来，要把具体的项目落到实处，而且还要秉承丝绸之路精神，共商、共享、共建，和全世界有志于发展的国家联合起来，共同让传统医学造福人类健康。,yes,1,1,0,1,0,0,0,中医药法 ||| 影响,影响 ||| 中医药法,访谈语料,china_interview,rule_positive,china_interview::entry:117124,e79184f6f78a98410d7911ae9cd98b23e59e20d60005b47f0276849ec5cf01d8
F300V1-0283,2820296,什么是喜欢做一个机器人,"与人类一样,除了我们缺乏所有的情感,梦想,愿望,创造力,野心,尤其是主观性。",yes,1,0,1,1,0,0,0,什么是喜欢做一个机器人,与人类一样,日常对话,chatterbot,analogy_or_parallel_candidate,chatterbot::entry:39,1373978b32afe7fee68c891dc4001ac3ffb6d61a2478b1f5a33c213a3dc548a4
F300V1-0084,2760936,我这么说吧,我不想说我这是在警告你,yes,1,1,0,1,0,1,0,说,不想说,影视对白,subtitle-useless,rule_positive,subtitle-useless::entry:24458,5078800457ef28c40ea78752a1ab7ee53a5f83719cb3c08f61f986faf6bb24b1
F300V1-0124,2728306,损者三乐,惟宴乐最可畏，所谓『宴安酖毒』是也,yes,1,1,0,1,0,0,0,三乐,宴乐,文本对话,朱子语类,rule_negative_random,朱子语类::entry:141229,37b98e5b2c2efa4263c803af485f0032f08c2136e5cad4fef1728791fea05a94
F300V1-0281,2722789,别说那个！,说说不要紧！都不是外人！孩子心重，甭提多幺要强啦！媳妇也走了。我们爷儿俩就吃这辆车；车破，可是我们自己的，就仗着天天不必为车份儿着急。挣多挣少，我们爷儿俩苦混，无法！无法！,yes,1,1,0,1,0,1,0,别说那个,说说不要紧,文本对话,骆驼祥子,analogy_or_parallel_candidate,骆驼祥子::entry:136595,613e3b1366a5768fc08b59ae9d971b81816e819e2006accb78f5aa9a1d6c3018
F300V1-0021,2705055,他把许多金银与我家，不与他担些干系，买我们做甚么？,老畜生！你这般说，却似放屁！我这行院人家，坑陷了千千万万的人，岂争他一个！你若不去首告，我亲自去衙前叫屈，和你也说在里面！,yes,1,0,0,1,0,1,0,买我们做甚么,岂争他一个,文本对话,水浒传,rule_positive,水浒传::entry:125043,2e1ce26fd15fcd623da26f98b44aff502f850e7b9f3945a966847fb66cc437c5
F300V1-0057,2721869,哎、忘不了怎么办,如果你忘不掉过去，那就干脆不要忘记了，埋在心底，作为你人生故事的一部分,yes,1,1,0,1,0,1,0,忘不了,忘不掉 ||| 不要忘记,日常对话,青云语料,rule_positive,青云语料::entry:136,96f3920145c7d85bf9f1b644b7f8855a5c30b6161bbf8b629fbfd4434dca4961
F300V1-0203,2696601,习近平主席即将对韩国进行国事访问，能否介绍中方对发展中韩关系的期待？,中国和韩国是近邻和合作伙伴。中方重视中韩关系，对韩政策保持稳定性和连续性，此访是习近平主席时隔11年再次对韩国进行国事访问，也是李在明总统就任后中韩元首首次会晤。中方愿同韩方一道，坚守建交初心，坚持睦邻友好、互利共赢，推动中韩战略合作伙伴关系不断向前发展。,yes,1,1,0,1,0,0,0,中韩关系 ||| 期待,中韩关系 ||| 合作伙伴关系,访谈语料,mfa_press,hard_negative_or_boundary,mfa_press::entry:119434,23daeae8e59088f55bec0ff16f2ad48ee1c60d66eee22db093dadfb6d1c58cce
F300V1-0155,2696054,发言人刚刚发布了加拿大外长即将访华的消息，王毅外长将与加拿大外长讨论哪些方面的话题？能否分享更多消息？,乔利外长访华期间，双方将就中加关系和共同关心的问题深入沟通，推动两国关系改善和发展。 相关附件,yes,1,1,0,1,0,0,0,加拿大外长 ||| 哪些方面的话题,乔利外长访华期间 ||| 中加关系和共同关心的问题,访谈语料,mfa_press,hard_negative_or_boundary,mfa_press::entry:118991,7410b65385b244205a29f59c37df175e3108a2b492d2a9de60f8a893aae62b1e
F300V1-0276,2733922,尊者赐之，曰‘其所取之者，义乎，不义乎’，而后受之，以是为不恭，故弗却也,请无以辞却之，以心却之，曰‘其取诸民之不义也’，而以他辞无受，不可乎？,yes,1,1,0,1,1,1,0,不义 ||| 受之,不义也 ||| 无受,文本对话,孟子,analogy_or_parallel_candidate,孟子::entry:146459,cfe379b015ed1436a1a977e99a40d6b844371959a0def8eb2ad119d5f86f2a6d
F300V1-0246,3066973,你永远不会好,"我试着尽可能好,我可以。",yes,1,1,0,1,0,1,0,不会好,尽可能好,日常对话,chatterbot,potential_false_negative,chatterbot::entry:93,abe7c2538195c63b851dc3da4a8928e2f90311d8af08fa8cbc4b8c00ba0c9191
F300V1-0269,2724646,秦将白起也。,莫非坑赵卒四十万乎？,yes,1,0,0,1,0,0,0,秦将白起,坑赵卒四十万,文本对话,清平山堂话本,potential_false_negative,清平山堂话本::entry:137847,cf27610df88571f6e51a5c55e261c371cca5b8397ebb625f239c62ed9147792e
F300V1-0015,2695098,我们关注到有报道表示，日前，韩国法院判决日本企业向二战期间强征劳工受害者支付赔偿，遭到日本政府抗议。日本外相在G20外长会期间就此向韩外长表达了强烈的遗憾。有媒体评论称，近两年韩日关系虽然得到改善，但日方对历史问题的不当态度丝毫没有改变，反而愈发傲慢。请问中方对此有何评论？,强征和奴役劳工是日本军国主义在对外侵略和殖民统治期间对包括中国、韩国等在内的亚洲国家人民犯下的严重人道主义罪行。这一历史事实铁证如山，不容否认和篡改。中方始终要求日本政府以诚实和负责任的态度妥善处理历史遗留问题。日方应当正视和深刻反省历史，以实际行动体现对历史罪行的忏悔和对受害者的尊重，并以正确史观教育下一代。只有这样，日本才能真正取信于亚洲邻国和国际社会。,yes,1,1,0,1,0,0,0,历史问题 ||| 有何评论,历史事实 ||| 历史遗留问题,访谈语料,mfa_press,rule_positive,mfa_press::entry:118220,3f7aa8bcd953429653d261b163e8b43f2e8f960a1814bcf4a5b4c0ddd734f035
F300V1-0083,2723392,"想出去旅行,可是没钱,给点路费",没钱就去赚,yes,1,1,0,1,0,0,0,没钱,没钱就去赚,日常对话,青云语料,rule_positive,青云语料::entry:137,3feb8c7669689a3d4efb3ca8ba6f676a5ccb0d85a7d5d2383aaa0ee88de903a5
F300V1-0285,2735911,鉴方臣，如有功夫。,周顗比臣，有国士门风。,yes,1,0,1,1,0,0,0,臣,比臣,文本对话,世说新语,analogy_or_parallel_candidate,世说新语::entry:147267,3fe3bbc52ef499a1ce585a980224aa1a578bab083f4f59879dec10e13714e289
F300V1-0268,2734137,有之。诔曰：祷尔于上下神祗,丘之祷久矣,yes,1,1,0,1,0,0,0,祷,丘之祷久矣,文本对话,论语,potential_false_negative,论语::entry:146672,9f87d9f9c1591fc89de2458c3bd153fe0ad161499adf35579adb90fcf9fa0893
F300V1-0163,2751288,我买股票了,你觉得股市要走红了吗？,yes,1,1,0,1,0,0,0,买股票,股市要走红了吗,日常对话,chatterbot-1k,hard_negative_or_boundary,chatterbot-1k::entry:20110,14a8e23ada69a16a2d48de088cd89f5e458c16f3071962ac1eaa6fa44079e1f7
F300V1-0049,2677616,爸爸，您留几句回家说吧，这是人家周公馆！,咦，周公馆也挡不住我跟我女儿谈家务啊！我跟你说，你的妈……,yes,1,1,0,1,0,1,0,周公馆 ||| 回家说,周公馆 ||| 家务,文本对话,雷雨,rule_positive,雷雨::entry:105822,4f9ed826e2d1d4fc7e4a3aef0e3745b193b1c148d799384a0d248fdb1ace4324
F300V1-0168,2688208,来自有地，去自有方。,老道从何处修来，在此结庐？此庙何名？庙中共有几人？或欲真修，岂无名山；或欲结缘，何不通衢？,yes,1,1,0,1,0,0,0,来自有地，去自有方,从何处修来,文本对话,红楼梦,hard_negative_or_boundary,红楼梦::entry:112904,4a27a51250bf496f2320c086f9c9a7daa09bf849da23f095fd93dc54f1c58cb2
F300V1-0079,2736338,遂使神州陆沈，百年丘墟，王夷甫诸人，不得不任其责！,运自有废兴，岂必诸人之过？,yes,1,1,0,1,0,1,0,诸人 ||| 不得不任其责,诸人之过,文本对话,世说新语,rule_positive,世说新语::entry:147569,dca95038931d3a69f5c5706979bdee03aa05af05c5a9fe9c5cfa7e0da22f6498
F300V1-0030,2680659,前娘娘所制，俱已猜着，惟二小姐与三爷猜的不是。小姐们作的也都猜了，不知是否。,三爷说的这个不通，娘娘也没猜，叫我带回问三爷是个什么。,yes,1,1,0,1,1,0,0,三爷猜的不是 ||| 不知是否,三爷说的这个不通 ||| 娘娘也没猜,文本对话,红楼梦,rule_positive,红楼梦::entry:107139,e76e3355f06a5fb2467b5a18f7f1e9b55b880a40b016fa0396d617232e37a5c5
F300V1-0189,2724474,你在那以住？家中有甚人管顾你？你眼见也不见？,老拙无个男只女，在百厮求院子里住。两目青盲，略见些儿，每日出来看经吃化。自四十岁无了丈夫，五十岁坏了眼，平日只爱看经。到今看五十余年经了，因此背诵如水。,yes,1,0,1,1,0,0,0,那以住 ||| 有甚人管顾你 ||| 眼见也不见,在百厮求院子里住 ||| 无个男只女 ||| 两目青盲,文本对话,清平山堂话本,hard_negative_or_boundary,清平山堂话本::entry:137734,d39bff6084df4d17f6f2b91baa46cf2f84da054c0a518bb65d9eec79d485de1a
F300V1-0058,2764194,我撒了谎一切都是谎言,那好Barnes先生你撒了谎,yes,1,1,0,1,0,0,0,撒了谎,撒了谎,影视对白,subtitle-useless,rule_positive,subtitle-useless::entry:24996,58364ad2c92308a6dea6c790be4cec58f95f6281f938a304bed78316750f6518
F300V1-0080,2734254,子见夫子乎？,四体不勤，五谷不分，孰为夫子？,yes,1,1,0,1,0,1,0,夫子,夫子,文本对话,论语,rule_positive,论语::entry:146793,70d07f9fcc6758d346bf619d80c2371b26115ee1cb9a12206e011045c1f6f2e9
F300V1-0295,2867169,楼主也没黑c兰吧 充其量就是阅历不足而已 不像娜吧直接跟你们吹49场不败,a妹出现,no,0,0,0,0,0,0,0,,,网络回帖,tieba-305w,analogy_or_parallel_candidate,tieba-305w::entry:4992,7cd11ac77ac77e965d687d439fd5eeccf62c01508d1a585cb9d63634289cecc6
F300V1-0095,2692964,婶娘那时怎样疼我了，如今就忘在九霄云外了。,嗳呀，你是死了的人哪，怎么跑到这里来了呢！,no,0,0,0,0,0,0,0,,,文本对话,红楼梦,rule_negative_random,红楼梦::entry:116501,f6b8c3d10008a180abb6f75505d3adc5220dd3d6140e683fd66dde681459affd
F300V1-0172,2723479,【父、妪】：客冲雪寒甚，请前就火。,【澄】：西去县尚远，乞宿于此。,no,0,0,0,0,0,0,0,,,文本对话,唐传奇,hard_negative_or_boundary,唐传奇::entry:137056,3d6006d51bcdf4d86e10da46e95456237501e3f1088f3116aa7c0c892556f7fd
F300V1-0070,2694182,我的问题是，新一轮大规模更新设备和消费品以旧换新开展以来，交通运输行业开展了哪些工作？取得了怎样的进展？谢谢。,请规划司的金敬东先生介绍一下情况。,no,0,0,0,0,0,0,0,,,访谈语料,china_live,rule_positive,china_live::entry:117460,44cdb08bb0ef0720ad2a307de9124aace8c06464b53c4ca1dde8f79fc272bd57
F300V1-0197,2723994,姓王。,张老令取钱一千万，持此帽为信。,no,0,0,0,0,0,0,0,,,文本对话,唐传奇,hard_negative_or_boundary,唐传奇::entry:137408,8671c002aa68d5ceef53a7927c2ef17fc33b8cc663edd282672746ba48cbfc30
F300V1-0125,2702045,哎呦，旺财,撒比么么哒,no,0,0,0,0,0,0,0,,,网络回帖,tieba-305w,rule_negative_random,tieba-305w::entry:12309,116bd5b49a274042e9625b11f7051c3d1d1c43f94ee59a446a90fc4ac6a7eeb4
F300V1-0267,2683937,我一肚子气，没人煞性子，正要拿他奶奶出气去，偏他碰了来，说了这些话，叫我也没了主意了。,环爷和兰哥儿家学里这一年的银子，是做那一项用的？,no,0,0,0,0,0,0,0,,,文本对话,红楼梦,potential_false_negative,红楼梦::entry:109648,15a7bbdf770b1f710f7a7e398e7b26dbd146e80b7a5c86e1a5c2d8c5a28f08b4
F300V1-0152,2996313,还是上次那种会重复的,哦好的那没事的,no,0,0,0,0,0,0,0,,,日常对话,douban-multiturn-100w,hard_negative_or_boundary,douban-multiturn-100w::entry:78494,c80908c0b3e3fe9a1f1620fac7fb36db7ac432ab3642dfda4df0fe3649fbafb1
F300V1-0240,2888064,具体参见url n251623384shtml,果断试啊酒酿蛋真心不好喝坚持不下去,no,0,0,0,0,0,0,0,,,日常对话,douban-multiturn-100w,potential_false_negative,douban-multiturn-100w::entry:54690,284077a2871728833612308b6c10347e12b9011421d9603aa06038e9aaf0067a
F300V1-0126,2735831,令术劝酒,德非孔子，厄同匡人。虽阳和布气，鹰化为鸠，至于识者，犹憎其眼。,no,0,0,0,0,0,0,0,,,文本对话,世说新语,rule_negative_random,世说新语::entry:147205,09099c70a3858e69d741cfe0ada09fb5379859ed9aba0d0aefaa57b5a16e57bb
F300V1-0134,2964351,是啊,我能帮你什么吗?,no,0,0,0,0,0,0,0,,,日常对话,chatterbot,rule_negative_random,chatterbot::entry:72,a95ce534429079507586f541d9207ee6cd2c03b4f69c0eee8032e0182f3c2ad5
F300V1-0108,2695183,我不掌握你说的具体情况，请向主管部门了解。中伊关系友好，双方在国际法框架内开展正常合作，符合两国人民的共同利益。,据一些西方媒体报道，17日，古巴圣地亚哥发生游行示威，一些民众就食品、能源短缺表达抗议。中方对此有何评论？,no,0,0,0,0,0,0,0,,,访谈语料,mfa_press,rule_negative_random,mfa_press::entry:118291,81b0048e158142f8024cc5b0a0c0c91ed682604de5e29873b28cc171fdc5394c
F300V1-0090,2811086,谁把你教这么坏的,问世间情为何物，只教人生死相随,no,0,0,0,0,0,0,0,,,日常对话,qingyun-11w,rule_positive,qingyun-11w::entry:3673,16d7ce71de3999864dba7e562bebc491ae7c966ecb22fdc03ef30159df3e60c3
F300V1-0035,2694005,当今世界正在发生前所未有的大变局，战争形态正在加速向信息化战争演变，世界各主要国家都在加速推进军事转型，加速推进军事力量的结构重塑，谋求战略竞争和博弈占领主动地位和优势地位。 我国现在正处于什么阶段呢？就是国家正处在由大向强的关键阶段，必须深化军队改革，这样我们这支军队才能担负起为实现中华民族伟大复兴的中国梦提供力量支撑的历史使命。所以，这次军改是新中国成立后规模最大、最彻底的一次改革，建国后我们进行了十几次体制编制的调整和改革，这次是最彻底的，是一次整体性、革命性的变革，我们说是真正的脱胎换骨。,可以说意义深远。,no,0,0,0,0,0,0,0,,,访谈语料,china_interview,rule_positive,china_interview::entry:117305,e76e874115209ce60dbe3315610407d869bb14c8be21c72d942a560fa895b884
F300V1-0011,2734742,委实没许多好银子，敢则到的九十两，那零的二十八两，与你青丝如何？,客人看，这偌多交易，要甚麽争竞？,no,0,0,0,0,0,0,0,,,文本对话,老乞大,rule_positive,老乞大::entry:146846,9bb66a87af0ff02145f775a62886530e1b6aea9c4dc83d18053886f54eb57cd8
F300V1-0294,2694223,为什么一些外媒会认为“台湾是全球最危险地区”？就是因为民进党当局顽固坚持“台独”分裂立场，拒不承认体现一个中国原则的“九二共识”，勾连外部势力不断谋“独”挑衅，升高两岸对立对抗，破坏台海和平稳定。他们所谓的“布局全球”，不过是通过出卖台湾同胞利益福祉、拱手奉送岛内优势产业、技术和人才，换取外部势力欢心。他们所谓的“发展契机”，不过是置台湾民众的安全福祉于不顾，为贪得无厌的“台独”利益集团食利自肥制造借口。赖清德这些言论，更加暴露了其为“倚外谋独”混淆是非、颠倒黑白的卑劣本质。,第一个问题，关于“国共两党智库论坛”，请问会否涉及两党党主席会面安排，能否介绍大陆方面的出席层级？第二个问题，请问近期大陆方面军方高层人事动荡会否影响两岸关系发展？,no,0,0,0,0,0,0,0,,,访谈语料,china_live,analogy_or_parallel_candidate,china_live::entry:117498,3039fef74882e1a02f34b93c59ecb724081027486f0229c0f7614ef6ed5a2b85
F300V1-0101,2754133,这种判点球的在英超已经越来越多了 不过看裁判不同吧,恩是我想错了 鸟说的那球肯定不会给,no,0,0,0,0,0,0,0,,,网络回帖,tieba-305w,rule_negative_random,tieba-305w::entry:22670,069751635f109508f5440df0bbd290a104cc7a1abc745e422d9479244eb4508a
F300V1-0176,2791322,7天以上是20元一天,那么是几个人一起住呢,no,0,0,0,0,0,0,0,,,日常对话,douban-multiturn-100w,hard_negative_or_boundary,douban-multiturn-100w::entry:31801,68157dd66effcc31214e38953bd96415e05fbb594661082307ae985686aac9b8
F300V1-0132,2696837,乌克兰危机“和平之友”小组成立的目的就是停火止战、劝和促谈，为争取和平营造氛围、积累条件。小组成立以来为政治解决危机发挥了建设性作用，未来也将继续为此作出积极努力。,据了解，中方已经同意恢复中国公民赴加拿大团队游。发言人对此有何评论？,no,0,0,0,0,0,0,0,,,访谈语料,mfa_press,rule_negative_random,mfa_press::entry:119622,b472924a01c25873d71219cb859ceec33558463f3bdff70904ee4d220438caa3
F300V1-0201,2713474,你能开大声点吗，霍夫曼先生,为了保全人类文明我们必须做出困难的抉择,no,0,0,0,0,0,0,0,,,影视对白,subtitle-useless,hard_negative_or_boundary,subtitle-useless::entry:1305,fc9d88ebad30cb73f172398163bb5b0f11119b605985d0174da8f1e5c1137f86
F300V1-0264,2694721,中方谴责针对外交机构的袭击行为，呼吁按照《维也纳外交关系公约》规定确保外交馆舍安全。,在新一轮巴以冲突爆发一年之际，美国财政部7日以为哈马斯提供资助为由，对第三国的个人和实体实施制裁。我们还注意到，9月底美国再次对以色列提供了87亿美元军事援助。请问发言人对此有何评论？,no,0,0,0,0,0,0,0,,,访谈语料,mfa_press,potential_false_negative,mfa_press::entry:117908,de6743135861fb78ee812b8e7f40c8ad36918fde830cadec10927e4bd4700c95
F300V1-0071,2724417,官人何来？,万望长老慈悲，指点陈辛寻得孺人回乡，不忘重恩。,no,0,0,0,0,0,0,0,,,文本对话,清平山堂话本,rule_positive,清平山堂话本::entry:137695,5d26b833a74db6ca34541d4738621d96d11736480d420dbcfad5bfa31bb97f34
F300V1-0121,3055346,哇…好快…甘祝你地幸福,等等哈，正吃着切糕呢,no,0,0,0,0,0,0,0,,,日常对话,qingyun-11w,rule_negative_random,qingyun-11w::entry:9038,715f2bd523c54a69dc111768f340eda9bb36e335a583301c708ba54f1c89b67e
F300V1-0242,2694637,应俄罗斯联邦总统普京邀请，习近平主席于10月22日至24日赴俄罗斯喀山出席金砖国家领导人第十六次会晤，届时中俄元首将有交流会晤的机会，就双边关系及国际、地区问题深入交换意见。,近期法国欧洲新闻电视台、美国《旅行和旅游世界》、新加坡《联合早报》等媒体评论称，近年来中国采取一系列免签政策，实行数字支付协助服务、健全双语设施和快捷交通系统等便利措施，极大方便了外国游客的中国行，外国游客也纷纷涌向中国。发言人对此有何评论？,no,0,0,0,0,0,0,0,,,访谈语料,mfa_press,potential_false_negative,mfa_press::entry:117840,0cc759f0fc519415e57687c91a1b89921939de5e57081dcd82f71209312dd4cb
F300V1-0093,2751831,坏哇,你说的什么哦？换种说法行不,no,0,0,0,0,0,0,0,,,日常对话,青云语料,rule_negative_random,青云语料::entry:206,ac906259c70d0634811030d95f1d0a1e2d719297de877746337598be2e82698d
F300V1-0064,3092790,是不是本命年的命运都不好,是的,no,0,0,0,0,0,0,0,,,日常对话,qingyun-11w,rule_positive,qingyun-11w::entry:9875,ec9dfbb5cd36589eb01019270378f0bef7995fb561d4f98dcf79f930f0212966
F300V1-0130,2756376,没人责备你,诽谤不会成为阻碍,no,0,0,0,0,0,0,0,,,影视对白,subtitle-useless,rule_negative_random,subtitle-useless::entry:23679,db2d21e6b24a04ad4e75afffccbfa467612b213680990a2e699084d298fd35be
F300V1-0086,2722636,呕，你是拿命换出来的这些牲口！,这幺着吧，伙计，我给三十五块钱吧；我要说这不是个便宜，我是小狗子；我要是能再多拿一块，也是个小狗子！我六十多了；哼，还教我说什幺好呢！,no,0,0,0,0,0,0,0,,,文本对话,骆驼祥子,rule_positive,骆驼祥子::entry:136495,f3e217fc0c2eb4cdd54ba023ee0089dbec566d871eb04ef324737780c7b3010d
F300V1-0140,2718040,快进窑里来坐！,这几年徐老过生日，不都是你亲自上手炒菜吗？今年怎不再露一手呢？,no,0,0,0,0,0,0,0,,,文本对话,平凡的世界,rule_negative_random,平凡的世界::entry:133495,268e54406e72823ae6747971188a1ec8d666468de6ddd4568c16a8f86e1a3fec
F300V1-0004,2691301,怕什么，你们只管说罢，重名重姓的多呢。,怪道叫作《凤求鸾》。不用说，我猜着了，自然是这王熙凤要求这雏鸾小姐为妻。,no,0,0,0,0,0,0,0,,,文本对话,红楼梦,rule_positive,红楼梦::entry:115236,e6ef390289912b48996c83a287476b8c6f279b4f6ac8203c2862678b3fb7546b
F300V1-0179,2695234,我想就中方近期扩大对欧洲国家免签范围提问。一些欧洲国家获得了免签入境中国资格，有些却没有。一些外交和商界人士对获得免签入境中国的资格标准有些困惑。你能否说明中方免签政策的标准是什么，并帮助我们理解荷兰和丹麦，匈牙利和瑞典之间有何不同？,中方对扩大中外人员往来一贯持开放态度，愿与有关国家加强沟通，进一步提升双边人员往来便利化水平。,no,0,0,0,0,0,0,0,,,访谈语料,mfa_press,hard_negative_or_boundary,mfa_press::entry:118329,5a7e113894c1cac252d3d41c0b01db44e87e98d907757a26ce5ed3f2e5e5190e
F300V1-0258,2752506,搞得自己是亚洲人大代表一样 下月开会 通知这老哥没有,这两个国家，把扩张主义当成国策的叫做日本，把恐怖主义当成国策的叫做阿富汗？,no,0,0,0,0,0,0,0,,,网络回帖,tieba-305w,potential_false_negative,tieba-305w::entry:21206,ff19c67a13c5450b2f81207de36324e1a62e85668fad429283386cdfd7998df2
F300V1-0062,2972719,我不用电话啊我不说豆油联系吗我长得高大肥硕你应该凭直觉就认得我啊还是缘分浅啊以后有缘再见,啊那好吧,no,0,0,0,0,0,0,0,,,日常对话,douban-multiturn-100w,rule_positive,douban-multiturn-100w::entry:73805,78c6bb62202d910d65104aa3a382e707a576b4fd03ab4e39255825e278a0b4df
F300V1-0158,2720818,今天晚上，你把金波也叫上，我在学校门口等你们。,那好吧！你要不要去一下我住的地方？,no,0,0,0,0,0,0,0,,,文本对话,平凡的世界,hard_negative_or_boundary,平凡的世界::entry:135316,72a313c33e48e6cdca0e81a1f006597d515ec93348a1d74a40884f16bf0e0fea
F300V1-0248,2724637,【母】：巨卿何人也？,张劭备述详细。,no,0,0,0,0,0,0,0,,,文本对话,清平山堂话本,potential_false_negative,清平山堂话本::entry:137840,e351cf250abd8c465dbe84527c687fd7ab51edde416e80e90818478efab03c5c
F300V1-0193,2692756,不是好些。,这些事都是太太亲眼见的。独是夏天的话我从没敢和别人说。,no,0,0,0,0,0,0,0,,,文本对话,红楼梦,hard_negative_or_boundary,红楼梦::entry:116348,324dd4ac1bc58ded041b4f759a0e6806ec4e795fd0239b22e9172268ee49ec4a
F300V1-0146,2723063,放心吧，赁给丁四拉着呢！,啊！,no,0,0,0,0,0,0,0,,,文本对话,骆驼祥子,rule_negative_random,骆驼祥子::entry:136773,102bce8e506c356c77653d534f61a04d2eb98a1c352652482aa25d6ccff8fe48
F300V1-0099,2693890,感谢孙主任为我们天然林的保护带来如此详尽的解读。也感谢各位网友收看！下期再会！ 2017-05-10 17:11:59,谢谢大家！ （责编/文字：韩琳；,yes,1,1,0,1,0,0,0,感谢,谢谢大家,访谈语料,china_interview,rule_negative_random,china_interview::entry:117208,0142c4b80e318d32eb687de98c364581b303e70027b335c538ad518426e09f4a
F300V1-0123,2693891,谢谢大家！ （责编/文字：韩琳；,佟静；,no,0,0,0,0,0,0,0,,,访谈语料,china_interview,rule_negative_random,china_interview::entry:117208,18e1b24c7d3e6f870cc802dabc6da2d2adab5900c8130d0db733ebef06910911
F300V1-0043,2651422,你一旦告诉我它是兔子,我就没法吃了,yes,1,0,1,1,0,0,0,一旦告诉我它是兔子,我就没法吃了,多模态语料,local-audio-demo,rule_positive,local-audio-demo::demo1,85d0ba04d0949a7f9bb1d73e567fe1f89b93c47f745815a963628c681f5e71b0
F300V1-0094,2651443,但是因为吃的比较多吧,而且它有皮毛,no,0,0,0,0,0,0,0,,,多模态语料,local-audio-demo,rule_negative_random,local-audio-demo::demo1,71d8f81bf97621582ea0677f6800e3fc592d535783ce1d05f397e1f505676180
F300V1-0253,2735118,我赶着一百疋马，大前日来了。,马们都好将来也麽？,yes,1,1,0,1,0,0,0,一百疋马,马们,文本对话,朴通事,potential_false_negative,朴通事::entry:146897,2785a521f102170d0228fb729e236e5a5d2378358d9d3b72cd9b6a3ba568c195
F300V1-0278,2735114,你说我地面里的田禾如何？今年那里庆尚、全罗、黄海、忠清、江原各道里，十分好田禾。谢天地，只愿的好收着。,听的今年水贼广，是那不是？,no,0,0,0,0,0,0,0,,,文本对话,朴通事,analogy_or_parallel_candidate,朴通事::entry:146897,5e86da1d06f74b68a7af81e9210802b6f5371eb362212778edb70fc99607b272
